City_ID,City,Country,Lat,Lng,Max Temp,Humidity,Cloudiness,Wind Speed,Current Description
0,Hilo,US,19.7297,-155.09,76.73,80,90,5.75,light rain
1,Ushuaia,AR,-54.8,-68.3,42.46,70,20,5.75,few clouds
2,Kavieng,PG,-2.5744,150.7967,80.98,75,12,7.54,few clouds
3,Rikitea,PF,-23.1203,-134.9692,69.08,63,100,22.84,overcast clouds
4,Khatanga,RU,71.9667,102.5,65.59,63,89,8.5,overcast clouds
5,Cap Malheureux,MU,-19.9842,57.6142,70.29,79,12,7.0,light rain
6,Bhainsdehi,IN,21.6467,77.6325,70.92,91,100,9.46,overcast clouds
7,Punta Arenas,CL,-53.15,-70.9167,44.71,76,75,16.11,broken clouds
8,Cidreira,BR,-30.1811,-50.2056,61.56,68,4,6.29,clear sky
9,Saskylakh,RU,71.9167,114.0833,68.2,44,0,7.49,clear sky
10,Berdigestyakh,RU,62.0989,126.6992,63.23,58,100,4.14,overcast clouds
11,Albany,US,42.6001,-73.9662,76.89,64,74,1.99,broken clouds
12,Villa Rica,US,33.7321,-84.9191,88.12,84,42,9.93,scattered clouds
13,Sangar,RU,63.9242,127.4739,64.13,56,15,2.21,few clouds
14,Neuquen,AR,-38.9516,-68.0591,49.89,57,0,0.0,clear sky
15,Saint-Philippe,RE,-21.3585,55.7679,69.39,75,31,12.5,scattered clouds
16,Saint-Francois,FR,46.4154,3.9054,71.04,49,0,9.22,clear sky
17,Cherskiy,RU,68.75,161.3,33.24,90,66,15.77,broken clouds
18,Camacha,PT,33.0833,-16.3333,72.82,64,20,14.97,few clouds
19,Tias,ES,28.9611,-13.645,76.68,53,20,29.93,few clouds
20,Verkhniye Tatyshly,RU,56.2912,55.8575,68.58,66,53,6.98,broken clouds
21,Hithadhoo,MV,-0.6,73.0833,81.0,73,100,4.47,overcast clouds
22,Longyearbyen,SJ,78.2186,15.6401,49.84,66,40,13.8,scattered clouds
23,Bengkulu,ID,-3.8004,102.2655,75.38,91,90,3.87,overcast clouds
24,Meulaboh,ID,4.1363,96.1285,75.31,92,100,4.7,overcast clouds
25,Nikolskoye,RU,59.7035,30.7861,66.09,57,76,10.8,broken clouds
26,Bowen,AU,-20.0167,148.2333,68.54,77,10,5.44,clear sky
27,Fortuna,US,40.5982,-124.1573,63.93,88,90,0.0,overcast clouds
28,Kodiak,US,57.79,-152.4072,53.11,94,90,0.0,overcast clouds
29,Roald,NO,62.5833,6.1333,59.16,62,75,11.5,broken clouds
30,Leningradskiy,RU,69.3833,178.4167,35.47,94,100,14.81,overcast clouds
31,Constitucion,CL,-35.3333,-72.4167,61.21,46,2,4.23,clear sky
32,Dong Hoi,VN,17.4833,106.6,83.43,75,100,8.16,light rain
33,Ancud,CL,-41.8697,-73.8203,45.93,60,32,1.95,scattered clouds
34,Hasaki,JP,35.7333,140.8333,77.29,89,1,7.87,clear sky
35,Norman Wells,CA,65.282,-126.8329,69.84,52,1,3.44,clear sky
36,Qaanaaq,GL,77.484,-69.3632,42.85,80,99,0.96,overcast clouds
37,Victoria,HK,22.2855,114.1577,85.96,89,100,1.99,light rain
38,Aklavik,CA,68.2191,-135.0107,73.4,53,40,8.05,haze
39,Altay,CN,47.8667,88.1167,63.7,43,62,6.69,broken clouds
40,Te Anau,NZ,-45.4167,167.7167,41.36,95,52,2.24,broken clouds
41,Namatanai,PG,-3.6667,152.4333,78.22,84,39,6.85,light rain
42,Castro,BR,-24.7911,-50.0119,49.1,85,100,4.09,overcast clouds
43,Kalmunai,LK,7.4167,81.8167,84.07,71,100,6.33,overcast clouds
44,Luganville,VU,-15.5333,167.1667,70.11,66,77,6.89,broken clouds
45,Ponta Do Sol,PT,32.6667,-17.1,79.72,68,38,4.18,scattered clouds
46,Mandalgovi,MN,45.7625,106.2708,70.2,36,70,16.42,broken clouds
47,Richards Bay,ZA,-28.783,32.0377,68.23,65,79,7.78,broken clouds
48,Port Elizabeth,ZA,-33.918,25.5701,59.29,77,20,26.46,few clouds
49,Morondava,MG,-20.2833,44.2833,72.86,80,0,8.72,clear sky
50,Sibolga,ID,1.7427,98.7792,75.11,89,98,3.85,light rain
51,Atuona,PF,-9.8,-139.0333,76.8,71,47,14.85,scattered clouds
52,Butaritari,KI,3.0707,172.7902,82.74,70,46,9.62,scattered clouds
53,Bredasdorp,ZA,-34.5322,20.0403,60.12,63,57,16.11,broken clouds
54,Provideniya,RU,64.3833,-173.3,42.03,77,100,9.19,overcast clouds
55,Venado Tuerto,AR,-33.7456,-61.9688,63.77,35,0,4.54,clear sky
56,Upernavik,GL,72.7868,-56.1549,45.34,73,95,9.69,overcast clouds
57,Broome,US,42.2506,-75.833,78.01,60,1,1.01,clear sky
58,Nanortalik,GL,60.1432,-45.2371,52.2,71,100,22.82,light rain
59,Thompson,CA,55.7435,-97.8558,75.36,50,20,5.75,few clouds
60,Mirnyy,RU,62.5353,113.9611,62.83,53,100,5.73,overcast clouds
61,Marawi,PH,7.9986,124.2928,72.64,93,99,2.68,overcast clouds
62,Dzerzhinskoye,RU,56.8344,95.2283,55.35,96,29,4.18,scattered clouds
63,Busselton,AU,-33.65,115.3333,44.1,72,66,6.78,broken clouds
64,Corinto,GR,37.9407,22.9573,103.62,33,0,5.86,clear sky
65,Methoni,GR,36.8197,21.7049,96.22,58,0,7.14,clear sky
66,Macara,EC,-4.3833,-79.95,87.37,37,1,3.69,clear sky
67,Oranjemund,NA,-28.55,16.4333,63.48,52,2,12.53,clear sky
68,Ribeira Grande,PT,38.5167,-28.7,77.4,78,40,14.97,scattered clouds
69,Kaohsiung,TW,22.6163,120.3133,83.03,90,75,5.01,broken clouds
70,Saint George,US,37.1041,-113.5841,86.38,48,1,1.01,clear sky
71,Plettenberg Bay,ZA,-34.0527,23.3716,57.92,85,80,10.27,broken clouds
72,Merauke,ID,-8.4667,140.3333,73.4,87,38,11.83,scattered clouds
73,Buala,SB,-8.145,159.5921,78.75,85,89,6.55,light rain
74,Maceio,BR,-9.6658,-35.7353,72.84,100,90,10.36,overcast clouds
75,Urucara,BR,-2.5364,-57.76,93.16,41,49,4.03,scattered clouds
76,Airai,TL,-8.9266,125.4092,56.3,81,85,2.26,overcast clouds
77,Havoysund,NO,70.9963,24.6622,47.28,82,100,12.66,light rain
78,Lorengau,PG,-2.0226,147.2712,81.66,80,18,10.09,few clouds
79,Vaini,TO,-21.2,-175.2,69.96,88,40,20.71,light rain
80,Tawang,IN,27.5833,91.8667,58.66,98,99,0.96,overcast clouds
81,Vardo,NO,70.3705,31.1107,55.6,87,0,16.11,clear sky
82,East London,ZA,-33.0153,27.9116,61.74,88,20,21.85,few clouds
83,Tuktoyaktuk,CA,69.4541,-133.0374,68.0,64,75,13.8,broken clouds
84,Yellowknife,CA,62.456,-114.3525,81.32,45,20,3.0,smoke
85,Coquimbo,CL,-29.9533,-71.3436,56.93,76,0,11.5,clear sky
86,Aswan,EG,24.0934,32.907,104.81,11,74,7.99,broken clouds
87,Mar Del Plata,AR,-38.0023,-57.5575,48.22,29,20,4.0,few clouds
88,Sosnovo-Ozerskoye,RU,52.5249,111.5418,51.71,88,4,1.43,clear sky
89,Los Llanos De Aridane,ES,28.6585,-17.9182,73.15,77,20,17.27,few clouds
90,Tiksi,RU,71.6872,128.8694,45.16,77,5,7.36,clear sky
91,Waingapu,ID,-9.6567,120.2641,76.06,79,78,7.23,broken clouds
92,Karratha,AU,-20.7377,116.8463,65.14,34,0,14.18,clear sky
93,Arraial Do Cabo,BR,-22.9661,-42.0278,75.16,68,20,17.27,few clouds
94,Arroyos Y Esteros,PY,-25.0667,-57.1,71.35,35,62,4.34,broken clouds
95,Pogranichnyy,RU,44.4064,131.3769,69.44,96,10,3.94,clear sky
96,Cockburn Town,TC,21.4612,-71.1419,85.96,70,40,17.27,scattered clouds
97,Mount Gambier,AU,-37.8333,140.7667,42.93,95,54,8.66,broken clouds
98,Bluff,NZ,-46.6,168.3333,36.81,92,16,7.83,few clouds
99,Erzin,TR,36.9559,36.2,93.72,65,0,7.9,clear sky
100,Sioux Lookout,CA,50.1001,-91.917,69.3,42,10,6.8,clear sky
101,Zonguldak,TR,41.25,31.8333,76.33,45,0,4.85,clear sky
102,New Norfolk,AU,-42.7826,147.0587,39.7,81,8,2.66,clear sky
103,Otofuke,JP,42.9917,143.2003,69.12,97,100,3.53,overcast clouds
104,Hamilton,US,39.1834,-84.5333,80.65,69,1,1.99,clear sky
105,Georgetown,MY,5.4112,100.3354,76.93,91,40,2.3,scattered clouds
106,Riyadh,SA,24.6877,46.7219,105.94,9,2,4.23,clear sky
107,Flin Flon,CA,54.7682,-101.865,76.84,44,75,4.61,smoke
108,Esperance,AU,-33.8667,121.9,53.94,64,72,30.74,light rain
109,Cayenne,GF,4.9333,-52.3333,87.84,73,40,3.0,scattered clouds
110,Wageningen,NL,51.9667,5.6667,67.95,83,75,1.99,broken clouds
111,Hobart,AU,-42.8794,147.3294,40.05,83,7,1.99,clear sky
112,Mataura,NZ,-46.1927,168.8643,36.48,99,26,3.44,scattered clouds
113,Abu Kamal,SY,34.4506,40.9171,103.77,11,0,9.53,clear sky
114,Ternate,ID,0.8,127.4,81.48,80,24,5.75,few clouds
115,Jalu,LY,29.0331,21.5482,105.42,8,1,10.63,clear sky
116,Faanui,PF,-16.4833,-151.75,77.61,66,95,13.8,overcast clouds
117,Katsuura,JP,35.1333,140.3,80.71,88,26,8.32,scattered clouds
118,Mahebourg,MU,-20.4081,57.7,70.09,73,40,14.97,light rain
119,Tuatapere,NZ,-46.1333,167.6833,36.82,94,17,5.08,few clouds
120,Puerto Ayora,EC,-0.7393,-90.3518,73.36,88,75,8.99,broken clouds
121,Chokurdakh,RU,70.6333,147.9167,30.24,85,3,5.82,clear sky
122,Wagga Wagga,AU,-35.1167,147.3667,34.21,100,0,0.0,clear sky
123,Dunedin,NZ,-45.8742,170.5036,50.81,86,78,5.99,broken clouds
124,Chipinge,ZW,-20.1883,32.6236,57.9,41,0,4.29,clear sky
125,Olenegorsk,RU,68.15,33.3,62.19,62,96,8.43,overcast clouds
126,Kapaa,US,22.0752,-159.319,80.92,80,75,13.8,broken clouds
127,Jolo,PH,6.05,121.0167,78.76,88,74,2.8,broken clouds
128,Carnarvon,AU,-24.8667,113.6333,59.07,59,75,12.66,broken clouds
129,Koutsouras,GR,35.0339,25.9469,89.04,41,0,12.08,clear sky
130,Nelson Bay,AU,-32.7167,152.15,59.09,83,44,12.8,scattered clouds
131,Tual,ID,-5.6667,132.75,81.32,78,71,13.0,broken clouds
132,Baruun-Urt,MN,46.6806,113.2792,60.35,59,17,5.37,few clouds
133,Zhigansk,RU,66.7697,123.3711,65.34,54,37,11.18,scattered clouds
134,Oktyabrskiy,RU,54.4815,53.471,77.18,41,100,8.25,overcast clouds
135,San Patricio,US,28.017,-97.5169,92.07,47,58,9.01,broken clouds
136,Carbonia,IT,39.1672,8.5222,81.84,57,100,13.31,overcast clouds
137,Maragogi,BR,-9.0122,-35.2225,76.75,79,14,18.99,few clouds
138,Port Alfred,ZA,-33.5906,26.891,62.76,71,51,19.75,broken clouds
139,Marzuq,YE,14.4,46.4667,83.48,54,58,13.06,broken clouds
140,Margate,GB,51.3813,1.3862,67.86,74,55,4.0,broken clouds
141,Hermanus,ZA,-34.4187,19.2345,60.91,84,18,10.87,few clouds
142,Kaitangata,NZ,-46.2817,169.8464,44.53,97,50,4.99,scattered clouds
143,Avera,US,33.194,-82.5271,93.07,42,40,13.94,scattered clouds
144,Hobyo,SO,5.3505,48.5268,79.88,75,79,23.98,light rain
145,Ambilobe,MG,-13.2,49.05,73.33,69,0,3.13,clear sky
146,Jamestown,US,42.097,-79.2353,71.1,92,90,3.0,light rain
147,Yanam,IN,16.7333,82.2167,84.6,67,42,3.74,scattered clouds
148,Dicabisagan,PH,17.0818,122.4157,82.2,82,100,4.14,heavy intensity rain
149,Dikson,RU,73.5069,80.5464,39.45,98,100,5.77,light rain
150,Vao,NC,-22.6667,167.4833,67.14,56,91,15.9,overcast clouds
151,Taltal,CL,-25.4,-70.4833,65.48,62,19,6.22,few clouds
152,Charters Towers,AU,-20.1,146.2667,61.25,98,9,9.42,clear sky
153,Bitung,ID,1.4451,125.1824,77.85,86,35,11.18,scattered clouds
154,Olinda,BR,-8.0089,-34.8553,82.13,65,40,23.02,scattered clouds
155,Baghmara,IN,23.795,86.2085,81.48,82,97,7.81,overcast clouds
156,Codrington,AU,-38.2667,141.9667,42.66,94,31,11.36,scattered clouds
157,Zhuhai,CN,22.2769,113.5678,85.71,89,20,3.44,light intensity shower rain
158,Alofi,NU,-19.0595,-169.9187,75.09,94,77,12.66,light rain
159,Ovalle,CL,-30.5983,-71.2003,82.08,10,0,3.56,clear sky
160,Uruburetama,BR,-3.625,-39.5083,94.64,25,31,12.5,scattered clouds
161,Kerema,PG,-7.9631,145.7785,76.57,83,94,4.94,overcast clouds
162,Chuy,UY,-33.6971,-53.4616,57.74,73,5,5.21,clear sky
163,Port Shepstone,ZA,-30.7414,30.455,68.0,52,13,5.26,few clouds
164,Wamba,NG,8.9333,8.6,71.73,96,100,5.1,light rain
165,Williston,US,48.147,-103.618,83.32,44,0,1.7,clear sky
166,Quepos,CR,9.4236,-84.1652,91.8,72,95,4.03,overcast clouds
167,Tabou,CI,4.423,-7.3528,78.64,74,100,9.73,overcast clouds
168,Avarua,CK,-21.2078,-159.775,77.05,78,75,17.27,broken clouds
169,Cape Town,ZA,-33.9258,18.4232,64.09,62,16,2.55,few clouds
170,Necochea,AR,-38.5473,-58.7368,49.03,54,0,0.96,clear sky
171,Omboue,GA,-1.5746,9.2618,77.02,76,80,10.47,broken clouds
172,Anadyr,RU,64.75,177.4833,41.5,86,20,2.24,few clouds
173,Orsk,RU,51.2049,58.5668,83.3,36,0,8.95,clear sky
174,Pavullo Nel Frignano,IT,44.3315,10.835,80.24,39,1,12.53,clear sky
175,Sinnamary,GF,5.3833,-52.95,84.96,66,13,7.58,few clouds
176,Kruisfontein,ZA,-34.0033,24.7314,55.89,80,33,16.51,scattered clouds
177,Deputatskiy,RU,69.3,139.9,35.51,90,13,3.51,few clouds
178,Filadelfia,US,39.9523,-75.1638,76.21,77,90,8.01,overcast clouds
179,Clyde River,CA,70.4692,-68.5914,43.03,87,90,14.97,overcast clouds
180,Pedasi,PA,7.5333,-80.0333,82.24,76,100,8.48,overcast clouds
181,Entebbe,UG,0.0644,32.4469,73.72,68,20,14.97,few clouds
182,Bacolod,PH,10.6667,122.95,79.23,89,73,10.85,broken clouds
183,Visnes,NO,59.3556,5.2242,68.58,72,0,28.77,clear sky
184,Waipawa,NZ,-41.4122,175.5153,43.43,91,98,2.64,overcast clouds
185,Ust-Kulom,RU,61.6864,53.6902,61.38,78,48,6.89,scattered clouds
186,Kedougou,SN,12.5579,-12.1743,91.98,58,75,6.91,light rain
187,Ilam,NP,26.9167,87.9167,70.38,97,65,3.78,broken clouds
188,Walvis Bay,NA,-22.9575,14.5053,90.55,11,0,3.44,clear sky
189,Yulara,AU,-25.2406,130.9889,57.04,47,0,6.91,clear sky
190,Show Low,US,34.2542,-110.0298,77.07,50,1,0.0,clear sky
191,Tucupita,VE,9.0622,-62.051,87.6,61,63,4.61,broken clouds
192,Yar-Sale,RU,66.8333,70.8333,58.46,76,100,13.51,overcast clouds
193,Kavaratti,IN,10.5669,72.642,82.44,79,91,14.85,overcast clouds
194,Kupang,ID,-10.1667,123.5833,76.44,82,42,10.45,scattered clouds
195,Soderhamn,SE,61.3037,17.0592,57.97,92,98,4.18,light rain
196,Grindavik,IS,63.8424,-22.4338,57.56,87,90,2.3,overcast clouds
197,Klaksvik,FO,62.2266,-6.589,50.92,80,79,11.03,broken clouds
198,Sao Filipe,CV,14.8961,-24.4956,75.87,78,34,9.93,scattered clouds
199,Wanning,CN,18.8003,110.3967,82.15,87,100,7.02,overcast clouds
200,Edgewater,US,28.9889,-80.9023,94.37,62,40,11.5,scattered clouds
201,Witu,KE,-2.3889,40.4382,77.16,79,100,14.14,overcast clouds
202,Dedza,MW,-14.3779,34.3332,58.66,54,86,3.49,overcast clouds
203,Ilulissat,GL,69.2167,-51.1,57.22,41,0,4.61,clear sky
204,Bethel,US,41.3712,-73.414,78.1,69,1,1.01,clear sky
205,Fairbanks,US,64.8378,-147.7164,61.83,80,75,5.75,broken clouds
206,Safranbolu,TR,41.2508,32.6942,79.65,42,0,5.1,clear sky
207,Narsaq,GL,60.9167,-46.05,57.42,65,100,7.11,overcast clouds
208,Aykhal,RU,66.0,111.5,62.89,45,18,2.93,few clouds
209,Xining,CN,36.6167,101.7667,63.86,54,13,3.18,few clouds
210,Doraha,IN,30.8167,76.0167,89.29,60,84,1.25,broken clouds
211,Mehamn,NO,71.0357,27.8492,49.95,93,90,6.91,moderate rain
212,Nantucket,US,41.2835,-70.0995,78.26,69,1,9.22,clear sky
213,Alihe,CN,50.5667,123.7167,49.15,96,40,2.89,scattered clouds
214,Vikulovo,RU,56.8167,70.6107,64.15,97,74,8.63,moderate rain
215,Inhambane,MZ,-23.865,35.3833,66.27,71,0,6.69,clear sky
216,Comodoro Rivadavia,AR,-45.8667,-67.5,60.66,20,0,24.16,clear sky
217,Sobolevo,RU,54.4299,31.8996,75.04,71,80,4.76,broken clouds
218,Basoko,CD,1.2391,23.616,76.82,84,100,2.42,light rain
219,Sola,VU,-13.8833,167.55,74.57,66,87,12.86,overcast clouds
220,Sorland,NO,67.667,12.6934,49.86,70,58,13.51,broken clouds
221,Segarcea,RO,44.1,23.75,99.66,13,1,6.91,clear sky
222,Tasiilaq,GL,65.6145,-37.6368,57.36,78,10,5.37,clear sky
223,Bathsheba,BB,13.2167,-59.5167,86.61,70,20,12.66,few clouds
224,Krasnoarmeysk,RU,51.0239,45.6969,82.15,53,44,6.17,scattered clouds
225,Mendi,PG,-6.1761,143.6513,53.26,98,77,2.66,broken clouds
226,San Cristobal,VE,7.7669,-72.225,82.58,54,70,9.44,broken clouds
227,Zverinogolovskoye,RU,54.4586,64.8542,72.46,70,7,7.99,clear sky
228,Souillac,MU,-20.5167,57.5167,70.18,73,40,14.97,scattered clouds
229,Matara,LK,5.9485,80.5353,80.02,82,100,10.96,overcast clouds
230,Kahului,US,20.8947,-156.47,74.46,78,20,13.8,few clouds
231,Beringovskiy,RU,63.05,179.3167,44.35,83,84,5.61,broken clouds
232,Acapulco,MX,16.8634,-99.8901,84.02,74,75,10.36,broken clouds
233,Bambous Virieux,MU,-20.3428,57.7575,70.21,73,40,14.97,light rain
234,Geraldton,AU,-28.7667,114.6,48.61,93,90,8.05,overcast clouds
235,Balkanabat,TM,39.5108,54.3671,93.38,9,80,2.64,broken clouds
236,Young,UY,-32.6833,-57.6333,62.22,56,0,5.75,clear sky
237,Lufilufi,WS,-13.8745,-171.5986,81.79,77,87,19.93,light rain
238,Dillon,US,34.4166,-79.3712,93.94,40,18,11.48,few clouds
239,Villaviciosa,ES,43.4813,-5.4357,71.01,65,100,5.12,overcast clouds
240,Barrow,US,71.2906,-156.7887,50.02,83,90,18.41,overcast clouds
241,Lockhart,US,28.6194,-81.4426,94.08,62,20,3.0,few clouds
242,Lebu,CL,-37.6167,-73.65,54.79,58,4,14.36,clear sky
243,Kununurra,AU,-15.7667,128.7333,67.98,83,25,1.14,scattered clouds
244,Simbahan,PH,6.3032,120.5836,83.91,76,79,6.98,broken clouds
245,Algiers,DZ,36.7525,3.042,78.62,65,40,9.22,scattered clouds
246,Bukachacha,RU,52.9833,116.9167,49.32,92,71,2.01,broken clouds
247,Itaueira,BR,-7.6033,-43.0256,91.15,29,68,12.88,broken clouds
248,Petropavlovsk-Kamchatskiy,RU,53.0452,158.6483,50.59,100,0,4.47,clear sky
249,Yaan,NG,7.3833,8.5667,79.77,82,71,6.38,moderate rain
250,Yuryevets,RU,57.3201,43.1041,71.2,62,100,4.97,light rain
251,Luderitz,NA,-26.6481,15.1594,71.01,37,0,10.8,clear sky
252,Camapua,BR,-19.5314,-54.0439,83.39,21,14,8.75,few clouds
253,Kuri,KR,37.5986,127.1394,76.86,95,98,3.69,light rain
254,Kishtwar,IN,33.3167,75.7667,67.78,92,10,1.28,clear sky
255,Fershampenuaz,RU,53.5202,59.8117,70.07,65,21,5.57,few clouds
256,Arona,ES,28.0996,-16.681,73.92,55,0,10.0,clear sky
257,Pevek,RU,69.7008,170.3133,32.63,91,100,13.47,overcast clouds
258,Grand Gaube,MU,-20.0064,57.6608,70.2,79,15,7.0,light rain
259,Isangel,VU,-19.55,169.2667,67.28,71,50,14.05,scattered clouds
260,Severo-Kurilsk,RU,50.6789,156.125,50.76,80,0,16.17,clear sky
261,Alpena,US,45.0617,-83.4327,67.1,72,90,18.41,overcast clouds
262,Rafaela,AR,-31.2503,-61.4867,67.05,22,0,1.99,clear sky
263,Batagay,RU,67.6333,134.6333,48.9,68,0,2.35,clear sky
264,Saint Anthony,US,45.0205,-93.218,77.14,46,1,5.99,smoke
265,Lauchhammer,DE,51.5,13.8,71.11,56,99,4.76,overcast clouds
266,Singleton,AU,-32.5667,151.1833,56.5,95,10,2.57,clear sky
267,Bonfim,BR,3.0833,-59.95,84.11,68,60,6.53,light rain
268,Wuan,CN,31.6836,112.0044,83.16,78,0,3.02,clear sky
269,Limon,CR,10.0,-83.0333,80.49,89,90,4.61,overcast clouds
270,Salalah,OM,17.0151,54.0924,77.09,100,90,5.75,light intensity drizzle
271,Saint-Joseph,RE,-21.3667,55.6167,70.18,74,39,12.21,scattered clouds
272,Palmas De Monte Alto,BR,-14.2672,-43.1619,82.49,25,53,8.9,broken clouds
273,Pitimbu,BR,-7.4706,-34.8086,81.19,73,22,22.1,few clouds
274,Gurun,MY,5.8172,100.4738,76.78,92,97,1.05,overcast clouds
275,Rocha,UY,-34.4833,-54.3333,57.15,66,0,4.83,clear sky
276,Uthal,PK,25.8072,66.6219,83.01,79,67,14.97,broken clouds
277,Poum,NC,-20.2333,164.0167,68.61,60,16,15.75,few clouds
278,Shimoda,JP,34.6667,138.95,76.1,81,90,4.81,overcast clouds
279,Awjilah,LY,29.1081,21.2869,105.44,8,0,11.25,clear sky
280,Inta,RU,66.0317,60.1659,57.78,90,40,7.34,scattered clouds
281,Itupiranga,BR,-5.1347,-49.3267,95.32,34,14,4.79,few clouds
282,Namibe,AO,-15.1961,12.1522,73.38,68,0,14.7,clear sky
283,Shubarkuduk,KZ,49.1447,56.4872,88.57,20,2,8.81,clear sky
284,Kokopo,PG,-4.352,152.2633,75.79,88,52,9.6,light rain
285,Launceston,AU,-41.45,147.1667,38.16,93,3,0.0,clear sky
286,Bereda,ES,43.2686,-7.5406,71.42,68,80,4.83,broken clouds
287,Hay River,CA,60.8156,-115.7999,75.18,53,75,2.3,broken clouds
288,Olafsvik,IS,64.8945,-23.7142,53.76,93,100,3.56,overcast clouds
289,Portland,US,45.5234,-122.6762,74.61,72,75,1.01,broken clouds
290,Yongan,CN,39.6957,113.6871,59.92,75,36,4.23,scattered clouds
291,Okmulgee,US,35.6234,-95.9605,81.59,83,90,3.44,heavy intensity rain
292,Juan Aldama,MX,24.2908,-103.3944,72.9,47,37,4.09,scattered clouds
293,Chase,CA,50.8165,-119.6857,73.2,52,100,4.45,overcast clouds
294,Ca Mau,VN,9.1769,105.15,79.09,89,82,6.04,broken clouds
295,Coahuayana,MX,18.7333,-103.6833,89.08,65,22,1.97,few clouds
296,Chunoyar,RU,57.4467,97.3217,58.03,92,100,1.28,overcast clouds
297,Krasnoselkup,RU,65.7,82.4667,61.16,58,100,7.63,overcast clouds
298,Sibu,MY,2.3,111.8167,75.51,94,40,2.3,scattered clouds
299,Flinders,AU,-34.5833,150.8552,49.21,84,36,1.01,scattered clouds
300,Kendari,ID,-3.945,122.4989,73.54,95,63,3.85,broken clouds
301,Salinopolis,BR,-0.6136,-47.3561,86.49,58,20,9.6,few clouds
302,Bella Union,UY,-30.2752,-57.6007,63.36,55,0,7.14,clear sky
303,Broken Hill,AU,-31.95,141.4333,48.16,73,0,9.37,clear sky
304,Antofagasta,CL,-23.65,-70.4,64.22,61,28,6.11,scattered clouds
305,Plouzane,FR,48.3833,-4.6167,64.58,72,90,11.5,overcast clouds
306,Vernon,CA,50.2581,-119.2691,72.93,60,100,2.3,overcast clouds
307,Male,MV,4.1748,73.5089,82.45,74,97,8.84,overcast clouds
308,Faya,SA,18.3851,42.4509,68.52,72,99,7.07,overcast clouds
309,Seguin,US,29.5688,-97.9647,92.39,66,1,4.0,clear sky
310,Kutum,SD,14.2,24.6667,86.63,37,44,12.21,scattered clouds
311,Pauini,BR,-7.7136,-66.9764,90.63,27,0,4.61,clear sky
312,Genc,TR,38.7507,40.5603,80.98,35,93,5.44,overcast clouds
313,Berlevag,NO,70.8578,29.0864,50.0,97,100,11.56,light rain
314,Saint-Pierre,RE,-21.3393,55.4781,69.48,73,0,8.05,clear sky
315,Kandrian,PG,-6.2167,149.55,76.48,87,80,9.28,broken clouds
316,Duyun,CN,26.2667,107.5167,72.43,86,15,3.33,few clouds
317,Samarai,PG,-10.6167,150.6667,75.52,68,85,8.05,overcast clouds
318,Jumla,NP,29.2747,82.1838,65.05,94,93,1.79,overcast clouds
319,Bonthe,SL,7.5264,-12.505,78.71,81,100,11.99,light rain
320,Mahon,ES,39.8885,4.2658,75.76,60,40,9.22,scattered clouds
321,La Ronge,CA,55.1001,-105.2842,77.25,50,20,2.3,smoke
322,Tucumcari,US,35.1717,-103.725,75.04,60,20,8.05,few clouds
323,El Alto,PE,-4.2714,-81.2147,71.26,65,1,12.41,clear sky
324,Tilichiki,RU,60.4667,166.1,44.96,71,90,3.11,overcast clouds
325,Mora,CM,11.0461,14.1401,81.99,62,91,4.9,overcast clouds
326,Calama,CL,-22.4667,-68.9333,66.69,14,9,8.05,clear sky
327,Esmeraldas,BR,-19.7625,-44.3139,69.91,35,87,7.31,overcast clouds
328,Husavik,IS,66.0449,-17.3389,57.11,63,97,6.08,overcast clouds
329,Guanay,BO,-15.4975,-67.8797,66.74,82,100,1.1,overcast clouds
330,Leninskoye,KZ,41.7589,69.3864,89.38,17,18,5.01,few clouds
331,Saldanha,ZA,-33.0117,17.9442,57.27,89,37,8.43,scattered clouds
332,Mozarlandia,BR,-14.7447,-50.5706,95.81,21,6,3.74,clear sky
333,Okhotsk,RU,59.3833,143.3,63.75,47,0,25.08,clear sky
334,Lasa,IT,46.6166,10.7002,61.68,97,100,6.85,light rain
335,Semporna,MY,4.4818,118.6112,79.0,85,22,3.6,few clouds
336,Namtsy,RU,62.7161,129.6658,60.91,59,63,5.21,broken clouds
337,Juba,SS,4.8517,31.5825,77.32,74,99,3.13,overcast clouds
338,Talnakh,RU,69.4865,88.3972,52.65,94,100,6.06,overcast clouds
339,Padang,ID,-0.9492,100.3543,77.05,88,89,1.68,overcast clouds
340,Quang Ngai,VN,15.1167,108.8,79.7,84,100,4.45,overcast clouds
341,Wattegama,LK,6.7989,81.4808,80.89,66,100,6.85,overcast clouds
342,Arti,RU,56.4234,58.5328,66.29,77,12,4.88,few clouds
343,Dubti,ET,11.7361,41.0853,93.74,39,22,4.5,few clouds
344,Sakaide,JP,34.3167,133.85,81.54,74,85,1.68,overcast clouds
345,Umm Lajj,SA,25.0213,37.2685,92.5,42,0,4.56,clear sky
346,Dingle,PH,10.9995,122.6711,78.06,86,100,8.86,overcast clouds
347,Rio Gallegos,AR,-51.6226,-69.2181,48.25,61,0,12.66,clear sky
348,Presidencia Roque Saenz Pena,AR,-26.7852,-60.4388,72.37,30,0,6.6,clear sky
349,Mitsamiouli,KM,-11.3847,43.2844,76.82,70,24,5.28,few clouds
350,Pomabamba,PE,-8.8333,-77.4667,53.2,58,88,6.89,overcast clouds
351,Manuk Mangkaw,PH,4.8,119.85,84.42,74,45,9.86,scattered clouds
352,College,US,64.8569,-147.8028,61.81,80,75,3.44,broken clouds
353,Dalianwan,CN,39.0286,121.695,71.64,94,40,6.71,scattered clouds
354,Ola,RU,59.5833,151.2833,47.68,65,39,18.19,scattered clouds
355,Kimbe,PG,-5.5502,150.1429,74.97,91,93,4.94,overcast clouds
356,Casper,US,42.8666,-106.3131,74.5,53,1,1.99,haze
357,Lompoc,US,34.6391,-120.4579,71.1,84,90,3.44,overcast clouds
358,Nemuro,JP,43.3236,145.575,65.17,99,100,11.25,overcast clouds
359,Dargaville,NZ,-35.9333,173.8833,50.49,91,22,4.85,few clouds
360,Eenhana,NA,-17.4667,16.3333,76.75,17,0,7.25,clear sky
361,Havre-Saint-Pierre,CA,50.2334,-63.5986,62.96,77,1,21.85,clear sky
362,Niteroi,BR,-22.8833,-43.1036,73.29,55,20,9.22,few clouds
363,San Jose De Gracia,MX,20.6667,-102.5833,71.49,60,8,2.08,clear sky
364,Turkan,AZ,40.3639,50.215,82.58,51,0,6.91,clear sky
365,Awbari,LY,26.5921,12.7805,103.28,7,0,8.86,clear sky
366,Havelock,US,34.8791,-76.9013,88.03,90,87,7.56,overcast clouds
367,Cabo San Lucas,MX,22.8909,-109.9124,91.81,68,40,1.99,scattered clouds
368,Bud,US,39.447,-86.1758,75.24,82,9,10.78,clear sky
369,Umm Kaddadah,SD,13.6017,26.6876,93.52,32,43,9.26,scattered clouds
370,Torbay,CA,47.6666,-52.7314,72.37,62,20,23.02,few clouds
371,Nicoya,CR,10.1483,-85.452,87.35,71,24,7.29,few clouds
372,Straumen,NO,63.8709,11.2999,57.61,72,81,11.65,broken clouds
373,Corowa,AU,-36.0333,146.3833,40.28,90,0,4.74,clear sky
374,Karwar,IN,14.8,74.1333,78.93,83,92,13.0,overcast clouds
375,Gulabpura,IN,25.9,74.6667,74.35,88,100,8.14,moderate rain
376,Katakwi,UG,1.8911,33.9661,71.4,63,99,5.68,light rain
377,Korla,CN,41.7597,86.1469,81.88,16,96,10.56,overcast clouds
378,Port Lincoln,AU,-34.7333,135.8667,51.67,53,1,17.92,clear sky
379,Odweyne,SO,9.4092,45.064,79.43,39,98,23.78,overcast clouds
380,Opotiki,NZ,-38.0833,177.2833,43.39,88,93,4.97,overcast clouds
381,At-Bashi,KG,41.1702,75.8106,61.92,60,100,2.15,overcast clouds
382,Manacapuru,BR,-3.2997,-60.6206,79.38,39,78,3.56,broken clouds
383,Yazman,PK,29.1212,71.7446,92.75,51,8,34.4,clear sky
384,Upata,VE,8.0086,-62.3989,84.24,58,9,6.26,clear sky
385,Poya,NC,-21.35,165.15,63.19,61,69,5.84,broken clouds
386,Maxixe,MZ,-23.8597,35.3472,65.35,72,0,6.24,clear sky
387,Qianan,CN,44.9932,124.0581,68.88,79,100,10.69,overcast clouds
388,High Level,CA,58.5169,-117.136,73.51,73,20,2.3,few clouds
389,Santa Maria,BR,-29.6842,-53.8069,63.7,59,0,2.3,clear sky
390,Russell,US,32.3502,-85.1999,89.51,70,1,10.36,clear sky
391,Cabedelo,BR,-6.9811,-34.8339,81.27,73,28,23.94,scattered clouds
392,Ust-Nera,RU,64.5667,143.2,44.85,79,1,6.38,clear sky
393,Palmas,BR,-10.2128,-48.3603,89.47,35,0,10.36,clear sky
394,Maniitsoq,GL,65.4167,-52.9,50.59,76,18,5.26,few clouds
395,Port Arthur,CN,38.8,121.2667,71.82,58,0,5.57,clear sky
396,Wabash,US,40.7978,-85.8205,77.41,75,1,13.09,clear sky
397,Pisco,PE,-13.7,-76.2167,64.02,82,90,6.91,mist
398,Tiznit,MA,29.5833,-9.5,87.4,26,0,9.53,clear sky
399,Nkhotakota,MW,-12.9274,34.2961,70.21,63,18,6.78,few clouds
400,Port Blair,IN,11.6667,92.75,81.9,82,100,18.86,overcast clouds
401,Porto Novo,BJ,6.4965,2.6036,82.92,61,69,12.03,broken clouds
402,Pontes E Lacerda,BR,-15.2261,-59.3353,89.65,17,0,8.25,clear sky
403,Srednekolymsk,RU,67.45,153.6833,37.9,74,100,9.33,overcast clouds
404,Adwa,ET,14.1646,38.8955,66.61,79,63,4.27,broken clouds
405,Aripuana,BR,-9.1667,-60.6333,93.94,21,0,5.68,clear sky
406,Concordia,AR,-31.393,-58.0209,62.78,65,0,11.99,clear sky
407,Bayan,CN,46.0833,127.4,66.16,97,100,6.76,light rain
408,Halifax,CA,44.6453,-63.5724,76.51,53,31,1.99,scattered clouds
409,Pandan,PH,14.0453,124.1694,82.94,79,100,13.65,overcast clouds
410,Qaqortoq,GL,60.7167,-46.0333,57.7,68,100,6.6,overcast clouds
411,Prado,BR,-17.3411,-39.2208,72.34,55,100,13.53,overcast clouds
412,Karlshamn,SE,56.1706,14.8619,69.91,57,100,8.41,overcast clouds
413,Trunovskoye,RU,45.4878,42.1358,93.6,23,0,7.14,clear sky
414,Waddan,LY,29.1614,16.139,105.04,6,0,15.9,clear sky
415,Vestmannaeyjar,IS,63.4427,-20.2734,54.34,94,100,6.35,overcast clouds
416,Westport,US,41.1415,-73.3579,79.09,68,1,3.0,clear sky
417,Rancho Palos Verdes,US,33.7445,-118.387,86.67,82,1,3.0,clear sky
418,Anchorage,US,61.2181,-149.9003,58.98,83,1,0.0,clear sky
419,Caconda,AO,-13.7333,15.0667,76.8,15,0,1.05,clear sky
420,Srivardhan,IN,18.0333,73.0167,80.51,85,100,16.64,overcast clouds
421,Quatre Cocos,MU,-20.2078,57.7625,69.91,75,48,18.41,light rain
422,Aquiraz,BR,-3.9014,-38.3911,88.21,50,67,14.67,broken clouds
423,Assiniboia,CA,49.6334,-105.9845,82.31,24,0,8.05,clear sky
424,Sitka,US,57.0531,-135.33,60.69,82,90,3.44,mist
425,Henties Bay,NA,-22.116,14.2845,74.86,44,0,11.95,clear sky
426,Preobrazheniye,RU,42.9019,133.9064,70.11,90,93,15.7,overcast clouds
427,Gasa,PS,31.5,34.4667,87.91,53,0,9.26,clear sky
428,Kidodi,TZ,-7.6036,37.0044,71.06,70,64,2.37,broken clouds
429,Constantine,DZ,36.365,6.6147,89.01,40,0,14.97,clear sky
430,Bouna,CI,9.2667,-3.0,82.26,65,93,8.68,light rain
431,Mgandu,TZ,-5.95,34.1333,69.62,38,76,9.33,broken clouds
432,Kovur,IN,14.4833,79.9833,92.28,40,98,19.42,overcast clouds
433,Makakilo City,US,21.3469,-158.0858,77.32,64,40,6.91,scattered clouds
434,Valparaiso,CL,-33.0393,-71.6273,71.83,53,0,4.61,clear sky
435,Tezu,IN,27.9167,96.1667,77.05,94,11,3.58,few clouds
436,Hukuntsi,BW,-24.0,21.75,62.17,20,0,5.82,clear sky
437,Warkworth,NZ,-36.4,174.6667,54.91,93,42,6.24,scattered clouds
438,Kinablangan,PH,7.6947,126.5503,79.68,84,100,4.72,heavy intensity rain
439,Lagoa,PT,39.05,-27.9833,71.87,92,17,16.46,few clouds
440,Ciudad Bolivar,VE,8.1222,-63.5497,86.43,61,25,7.05,scattered clouds
441,Kurilsk,RU,45.2333,147.8833,59.43,93,80,8.1,broken clouds
442,Ketchikan,US,55.3422,-131.6461,61.27,82,90,9.22,overcast clouds
443,Alyangula,AU,-13.8483,136.4192,64.27,100,40,0.0,scattered clouds
444,Bonavista,CA,48.6499,-53.1147,75.2,69,52,15.73,broken clouds
445,Naze,JP,28.3667,129.4833,78.94,88,73,13.18,broken clouds
446,Egvekinot,RU,66.3167,-179.1667,38.1,77,100,2.75,overcast clouds
447,Moron,AR,-34.6534,-58.6198,62.29,44,0,3.76,clear sky
448,Cabra,ES,37.4725,-4.4421,89.04,20,99,1.99,overcast clouds
449,Sovik,NO,65.9333,12.4667,54.12,81,75,10.0,broken clouds
450,Coihaique,CL,-45.5752,-72.0662,52.41,62,90,9.22,overcast clouds
451,Emba,KZ,48.8264,58.1442,89.01,16,13,8.97,few clouds
452,Khash,IR,28.2211,61.2158,86.72,12,19,14.29,few clouds
453,Almansa,ES,38.8692,-1.0971,84.29,24,55,6.58,broken clouds
454,Nampula,MZ,-15.1165,39.2666,73.35,56,40,10.36,scattered clouds
455,Ruwi,OM,23.5996,58.5507,98.29,42,72,5.93,broken clouds
456,Sao Sebastiao,BR,-23.76,-45.4097,68.25,65,94,3.62,overcast clouds
457,Pocri,PA,8.2667,-80.55,87.62,68,100,1.63,overcast clouds
458,Lengshuitan,CN,26.4111,111.5956,84.06,59,93,2.3,overcast clouds
459,Ostrovnoy,RU,68.0531,39.5131,53.71,71,44,8.55,scattered clouds
460,Pareora,NZ,-44.4871,171.2132,48.18,97,95,5.5,overcast clouds
461,Bandarbeyla,SO,9.4942,50.8122,78.93,74,71,28.36,broken clouds
462,Pangody,RU,65.85,74.4859,62.37,57,100,9.51,overcast clouds
463,San Carlos,VE,9.6612,-68.5827,78.55,90,61,4.38,broken clouds
464,Byron Bay,AU,-28.65,153.6167,65.71,75,13,4.0,few clouds
465,Yatou,CN,37.15,122.3833,73.9,94,1,2.04,clear sky
466,Oliveira Dos Brejinhos,BR,-12.3169,-42.8961,84.81,29,43,6.64,scattered clouds
467,Pangkalanbuun,ID,-2.6833,111.6167,74.44,93,44,2.15,scattered clouds
468,Haines Junction,CA,60.7522,-137.5108,57.15,67,70,2.3,broken clouds
469,Killybegs,IE,54.6333,-8.45,59.45,64,80,12.46,broken clouds
470,Vila Velha,BR,-20.3297,-40.2925,69.75,64,75,12.66,broken clouds
471,Pacifica,US,37.6138,-122.4869,68.85,84,75,4.0,broken clouds
472,Moramanga,MG,-18.9333,48.2,53.89,96,67,2.77,broken clouds
473,Keti Bandar,PK,24.1447,67.4497,82.09,82,99,20.62,overcast clouds
474,Kuytun,RU,54.3419,101.5036,55.15,95,100,10.47,light rain
475,Lakes Entrance,AU,-37.8811,147.981,40.17,79,0,6.51,clear sky
476,Ayan,RU,56.45,138.1667,58.75,75,98,7.09,overcast clouds
477,San Jose De Guanipa,VE,8.8872,-64.1651,85.91,55,22,10.4,few clouds
478,Abashiri,JP,44.0213,144.2697,66.94,98,100,2.95,overcast clouds
479,Erbaa,TR,40.6689,36.5675,77.79,59,4,8.16,clear sky
480,Hibbing,US,47.4272,-92.9377,69.44,45,1,12.66,clear sky
481,Rybnoye,RU,54.7256,39.5119,78.3,58,91,5.68,overcast clouds
482,Yingcheng,CN,30.95,113.55,87.85,74,0,2.68,clear sky
483,Tynda,RU,55.1667,124.7167,51.98,99,100,2.44,light rain
484,Bambanglipuro,ID,-7.95,110.2833,76.96,81,62,11.36,broken clouds
485,Poro,PH,10.6292,124.4087,84.87,71,99,12.24,overcast clouds
486,Saint-Augustin,CA,51.226,-58.6502,65.26,64,90,11.65,overcast clouds
487,Tortoli,IT,39.9256,9.6572,87.98,65,0,13.8,clear sky
488,Podyuga,RU,61.095,40.8647,62.92,85,86,7.16,overcast clouds
489,Novobirilyussy,RU,56.9514,90.6661,59.22,77,55,3.69,broken clouds
490,Kudahuvadhoo,MV,2.6708,72.8944,82.22,71,100,3.44,overcast clouds
491,Abnub,EG,27.2696,31.1511,104.22,11,45,10.45,scattered clouds
492,Karaton,ID,-6.3424,106.1045,77.95,93,5,1.39,clear sky
493,Palana,RU,59.1167,159.9667,44.73,87,100,6.26,overcast clouds
494,Goya,AR,-29.14,-59.2626,68.05,37,0,5.35,clear sky
495,Tripoli,LY,32.8752,13.1875,93.54,44,0,13.51,clear sky
496,Beyneu,KZ,45.3167,55.2,95.99,11,1,9.1,clear sky
497,Turukhansk,RU,65.8167,87.9833,56.37,88,26,6.29,scattered clouds
498,Juneau,US,58.3019,-134.4197,65.1,88,20,8.05,few clouds
499,Monticello,US,45.3055,-93.7941,76.91,43,1,8.05,clear sky
500,Labuhan,ID,-6.8844,112.2051,78.8,75,10,6.98,clear sky
501,Sur,OM,22.5667,59.5289,94.19,49,90,14.97,overcast clouds
502,Yakeshi,CN,49.2833,120.7333,51.1,92,71,2.53,broken clouds
503,Rosetta,EG,31.4044,30.4164,87.62,67,0,9.33,clear sky
504,Antalaha,MG,-14.9003,50.2788,67.95,93,100,10.65,moderate rain
505,Iqaluit,CA,63.7506,-68.5145,55.13,71,90,5.75,light rain
506,Hohhot,CN,40.8106,111.6522,59.29,58,0,6.71,clear sky
507,Paita,PE,-5.0892,-81.1144,73.96,70,0,11.65,clear sky
508,Vila,PT,42.0304,-8.1588,63.73,64,95,6.53,overcast clouds
509,Chicama,PE,-7.8447,-79.1469,63.14,63,34,7.47,scattered clouds
510,Krasnyy Chikoy,RU,50.3643,108.7512,55.96,85,41,2.37,scattered clouds
511,Nuevo Progreso,MX,23.1667,-97.95,91.89,48,7,9.4,clear sky
512,Dzilam Gonzalez,MX,21.2833,-88.9333,90.43,52,97,4.41,overcast clouds
513,Lazaro Cardenas,MX,17.9583,-102.2,80.64,81,100,4.16,overcast clouds
514,Balkhash,KZ,46.844,74.9804,79.92,32,8,7.49,clear sky
515,Gushikawa,JP,26.3544,127.8686,81.99,88,75,12.66,broken clouds
516,Khandyga,RU,62.6667,135.6,56.75,50,0,4.32,clear sky
517,Martapura,ID,-3.4167,114.85,75.29,100,47,1.14,scattered clouds
518,Hovd,MN,48.0056,91.6419,56.46,64,61,4.14,broken clouds
519,Yasnyy,RU,51.0333,59.8742,83.91,33,63,10.22,broken clouds
520,Mana,GF,5.6592,-53.7767,85.68,64,14,7.29,few clouds
521,Beloha,MG,-25.1667,45.05,68.59,68,0,12.15,clear sky
522,Arrecife,ES,28.963,-13.5477,78.78,53,20,29.93,few clouds
523,Puerto Escondido,MX,15.85,-97.0667,88.63,62,40,5.75,scattered clouds
524,Nabire,ID,-3.3667,135.4833,76.01,92,98,3.6,overcast clouds
525,Kharp,RU,66.8014,65.8081,53.04,97,100,3.69,light rain
526,Bani,DO,18.2833,-70.3333,89.74,60,23,15.01,few clouds
527,Dakar,SN,14.6937,-17.4441,88.68,66,20,6.91,few clouds
528,Sagua La Grande,CU,22.8067,-80.0756,90.59,54,9,10.4,clear sky
529,Morros,BR,-9.4467,-46.3003,89.92,28,54,13.11,broken clouds
530,Kropotkin,RU,45.4375,40.5756,91.65,23,49,4.03,scattered clouds
531,Uvat,RU,59.1433,68.8953,64.11,97,79,2.37,broken clouds
532,Carutapera,BR,-1.195,-46.02,84.83,63,8,7.63,clear sky
533,Logumkloster,DK,55.0594,8.9551,66.11,62,65,14.67,broken clouds
534,Greenville,US,35.6127,-77.3663,91.31,70,1,5.75,clear sky
535,San Andres,CO,12.5847,-81.7006,86.02,74,40,14.97,scattered clouds
536,Balykshi,KZ,47.0667,51.8667,91.4,16,0,6.71,clear sky
537,Ouadda,CF,8.0777,22.4007,67.86,98,100,4.94,overcast clouds
538,Kloulklubed,PW,7.0419,134.2556,84.18,75,100,13.98,overcast clouds
539,Limanu,RO,43.8,28.5333,89.64,54,0,14.05,clear sky
540,Mpanda,TZ,-6.3655,31.0409,75.96,28,4,4.03,clear sky
541,Valka,LV,57.7752,26.0101,71.06,60,78,5.01,broken clouds
542,Arkhara,RU,49.4212,130.0842,65.95,95,100,10.85,overcast clouds
543,Moa,CU,20.6569,-74.9403,87.57,69,30,12.86,scattered clouds
544,Nome,US,64.5011,-165.4064,48.27,87,90,9.22,light rain
545,Orangeburg,US,33.4918,-80.8557,93.45,69,1,9.22,clear sky
546,Davila,PH,18.4726,120.5763,81.21,87,100,22.46,overcast clouds
547,Nioki,CD,-2.7167,17.6833,93.58,25,100,3.74,overcast clouds
548,Luwuk,ID,-0.9516,122.7875,76.46,89,86,5.41,overcast clouds
549,Iquique,CL,-20.2208,-70.1431,62.64,66,95,9.31,overcast clouds
550,Goundam,ML,16.4145,-3.6708,97.99,32,4,8.81,clear sky
551,Ostersund,SE,63.1792,14.6357,56.61,58,90,13.8,overcast clouds
552,Soeng Sang,TH,14.4264,102.4606,78.37,72,96,9.51,light rain
553,Mildura,AU,-34.2,142.15,44.56,93,40,6.91,scattered clouds
554,Gardez,AF,33.5974,69.2259,77.74,29,80,2.98,broken clouds
555,Mugur-Aksy,RU,50.35,90.5,48.9,70,9,3.67,clear sky
556,Svetlaya,RU,46.5389,138.3297,62.33,93,100,11.3,overcast clouds
557,Sao Joao Da Barra,BR,-21.6403,-41.0511,73.49,52,77,9.89,broken clouds
558,Nouadhibou,MR,20.931,-17.0347,78.78,65,4,16.11,clear sky
559,Hofn,IS,64.2539,-15.2082,53.62,87,75,6.91,broken clouds
560,Souris,CA,49.6172,-100.2612,72.73,28,0,4.14,clear sky
561,Praya,CV,14.9215,-23.5087,86.54,45,20,14.97,few clouds
562,Syracuse,IT,37.0881,15.2792,98.65,42,0,12.97,clear sky
563,Khuzdar,PK,27.7384,66.6434,91.78,11,34,8.19,scattered clouds
564,Bodmin,GB,50.4715,-4.7243,68.43,77,40,11.5,scattered clouds
565,Laguna,US,38.421,-121.4238,90.25,63,1,4.0,clear sky
566,Yellandu,IN,17.6,80.3333,79.72,71,76,6.78,broken clouds
567,Tadine,NC,-21.55,167.8833,66.63,60,96,13.98,overcast clouds
568,Mbaiki,CF,3.8678,17.9892,74.75,90,98,3.13,moderate rain
569,Foam Lake,CA,51.65,-103.5343,77.02,26,14,6.46,few clouds
570,Kannur,IN,11.8675,75.3576,78.04,85,54,6.85,broken clouds
571,Hutchinson,US,38.0608,-97.9298,79.48,67,20,3.0,haze
572,Canton,CN,23.1167,113.25,83.88,67,91,7.11,overcast clouds
573,Mayumba,GA,-3.432,10.6554,75.61,78,95,8.19,overcast clouds
574,Verkhnevilyuysk,RU,63.4453,120.3167,62.94,53,94,2.75,overcast clouds
575,Eureka,US,40.8021,-124.1637,64.2,87,66,5.99,broken clouds
576,Ormara,PK,25.2088,64.6357,81.59,84,100,21.12,overcast clouds
577,Redmond,US,47.674,-122.1215,72.54,74,100,4.0,overcast clouds
578,Lilongwe,MW,-13.9669,33.7873,68.22,46,91,4.32,overcast clouds
579,Queanbeyan,AU,-35.35,149.2333,37.58,94,90,4.61,overcast clouds
580,Marystown,CA,47.1666,-55.1483,65.82,70,100,16.89,overcast clouds
581,Espanola,US,35.9911,-106.0806,72.64,56,83,2.21,broken clouds
582,Mount Isa,AU,-20.7333,139.5,65.97,42,75,4.61,broken clouds
583,Guerrero Negro,MX,27.9769,-114.0611,77.25,64,1,4.76,clear sky
584,Eyl,SO,7.9803,49.8164,88.36,48,95,25.43,overcast clouds
585,Chapleau,CA,47.8405,-83.4034,64.49,63,75,6.91,broken clouds
586,Tagusao,PH,9.1924,117.8141,81.5,80,40,12.5,scattered clouds
587,Praia Da Vitoria,PT,38.7333,-27.0667,77.25,83,75,18.37,broken clouds
588,Koumac,NC,-20.5667,164.2833,63.16,67,22,9.69,few clouds
589,Tazovskiy,RU,67.4667,78.7,56.23,65,100,8.48,overcast clouds
590,Sechura,PE,-5.5569,-80.8222,73.09,61,0,8.52,clear sky
591,Euclides Da Cunha,BR,-10.5075,-39.0158,72.77,57,100,11.14,overcast clouds
592,Abalak,RU,58.1286,68.5944,64.81,96,59,4.92,light rain
593,Kuusankoski,FI,60.907,26.6244,66.72,85,20,1.01,few clouds
594,Puerto Maldonado,PE,-12.6,-69.1833,79.2,57,0,5.75,clear sky
595,Kushmurun,KZ,52.4503,64.6311,79.48,46,8,6.46,clear sky
596,Shelburne,CA,44.0787,-80.2041,63.09,65,99,8.77,overcast clouds
597,San Quintin,MX,30.4833,-115.95,74.39,69,2,9.98,clear sky
598,Muros,ES,42.7762,-9.0603,67.15,90,95,4.03,light rain
599,Mackay,AU,-21.15,149.2,65.05,84,1,4.45,clear sky
600,Sabzevar,IR,36.2126,57.6819,82.8,11,1,22.68,clear sky
601,Muriae,BR,-21.1306,-42.3664,71.42,41,66,7.23,broken clouds
602,Nador,MA,35.174,-2.9287,87.87,28,0,12.66,clear sky
603,Pochutla,MX,15.7432,-96.4661,87.62,62,90,2.17,overcast clouds
604,Erzincan,TR,39.75,39.5,79.9,44,75,17.27,broken clouds
605,Lahaina,US,20.8783,-156.6825,74.95,69,3,12.28,clear sky
606,Ilebo,CD,-4.3167,20.5833,87.37,20,100,2.66,overcast clouds
607,Sambava,MG,-14.2667,50.1667,68.95,95,100,14.58,moderate rain
608,Teplyk,UA,48.6657,29.745,83.7,52,19,6.11,few clouds
609,Sistranda,NO,63.7256,8.834,55.36,69,73,12.57,broken clouds
610,Katherine,AU,-14.4667,132.2667,79.12,50,67,10.36,broken clouds
611,Griffith,US,41.5284,-87.4237,78.48,67,40,4.0,scattered clouds
612,Fomboni,KM,-12.28,43.7425,76.08,74,3,11.54,clear sky
613,Front Royal,US,38.9182,-78.1944,76.57,78,90,0.0,overcast clouds
614,Goma,CD,-1.6792,29.2228,68.18,58,100,1.99,overcast clouds
615,Boueni,YT,-12.9025,45.0761,75.18,68,3,6.73,clear sky
616,Svetlogorsk,BY,52.6333,29.7333,79.39,58,62,4.32,broken clouds
617,Nizhniy Kuranakh,RU,58.8353,125.4869,59.83,66,100,4.88,overcast clouds
618,Marsh Harbour,BS,26.5412,-77.0636,85.59,67,1,7.74,clear sky
619,Jodhpur,IN,26.2867,73.03,82.36,74,100,14.27,overcast clouds
620,Carupano,VE,10.6678,-63.2585,85.17,67,12,9.48,few clouds
621,Trelew,AR,-43.249,-65.3051,60.51,26,2,11.77,clear sky
622,Qasigiannguit,GL,68.8193,-51.1922,57.45,59,36,4.54,scattered clouds
623,Wukari,NG,7.85,9.7833,82.38,71,80,6.87,light rain
624,Naushki,RU,50.3828,106.1056,65.01,73,100,2.64,overcast clouds
625,Asmara,ER,15.3333,38.9333,62.91,74,61,2.71,broken clouds
626,Nisia Floresta,BR,-6.0911,-35.2086,85.01,53,46,19.8,scattered clouds
627,Oytal,KZ,42.9057,73.2697,78.76,24,82,5.7,broken clouds
628,Ati,TD,13.2154,18.3353,83.5,61,97,8.86,overcast clouds
629,Susaki,JP,33.3667,133.2833,76.35,87,94,3.85,overcast clouds
630,Ariquemes,BR,-9.9133,-63.0408,92.62,22,1,5.59,clear sky
631,Wajima,JP,37.4,136.9,78.94,83,100,5.61,overcast clouds
632,Hobe Sound,US,27.0595,-80.1364,93.0,65,40,5.75,scattered clouds
633,Dunkirk,FR,51.05,2.3667,68.02,65,42,8.48,scattered clouds
634,Arlit,NE,18.7369,7.3853,103.12,20,0,7.43,clear sky
635,Khani,GE,41.9563,42.9566,72.97,94,28,2.89,scattered clouds
636,Tsiroanomandidy,MG,-18.7667,46.0333,70.86,37,58,10.07,broken clouds
637,Rio Grande,BR,-32.035,-52.0986,51.91,73,95,3.02,overcast clouds
638,Muravlenko,RU,63.7898,74.523,60.33,69,97,11.97,overcast clouds
639,Whyalla,AU,-33.0333,137.5833,51.69,66,0,12.66,clear sky
640,Sungai Padi,TH,6.0851,101.8766,79.72,76,99,2.33,overcast clouds
641,Mahanoro,MG,-19.9,48.8,66.96,84,4,1.48,light rain
642,Calvinia,ZA,-31.4707,19.776,61.03,24,5,7.14,clear sky
643,West Bay,KY,19.3667,-81.4167,89.67,76,20,3.0,few clouds
644,Puri,IN,19.8,85.85,84.38,77,93,13.31,overcast clouds
645,Coacoatzintla,MX,19.6333,-96.9333,73.15,63,26,3.58,scattered clouds
646,Kafanchan,NG,9.5833,8.3,76.17,93,100,3.04,light rain
647,Galle,LK,6.0367,80.217,80.11,85,97,11.59,overcast clouds
648,Santiago Del Estero,AR,-27.7951,-64.2615,65.8,21,0,5.3,clear sky
649,Panaba,MX,21.2833,-88.2667,92.75,47,81,8.86,broken clouds
650,Chanhassen,US,44.8622,-93.5308,77.02,47,1,9.22,smoke
651,Buraydah,SA,26.326,43.975,104.45,8,14,7.96,few clouds
652,Sept-Iles,CA,50.2001,-66.3821,66.72,69,75,5.99,broken clouds
653,Dalbandin,PK,28.8947,64.4101,95.0,7,1,15.3,clear sky
654,Norsup,VU,-16.0667,167.3833,70.02,64,21,8.34,few clouds
655,Hammerfest,NO,70.6634,23.6821,46.85,81,75,4.61,broken clouds
656,Ruteng,ID,-8.6136,120.4721,62.01,96,88,4.94,overcast clouds
657,Muisne,EC,0.6,-80.0333,84.31,76,97,9.78,overcast clouds
658,Moree,AU,-29.4667,149.85,48.22,81,11,3.44,few clouds
659,Consolacion Del Sur,CU,22.5047,-83.5136,89.94,55,7,5.97,clear sky
660,Uray,RU,60.1247,64.7758,61.43,93,37,3.47,moderate rain
661,Batticaloa,LK,7.7102,81.6924,83.86,69,100,10.45,overcast clouds
662,Podor,MR,16.6527,-14.9587,102.15,32,20,0.0,few clouds
663,Kuruman,ZA,-27.4524,23.4325,59.99,24,0,6.35,clear sky
664,Wilmington,US,34.2257,-77.9447,93.9,74,1,6.91,clear sky
665,Karasjok,NO,69.4719,25.5112,44.71,94,100,15.7,overcast clouds
666,Barhi,IN,23.9,80.8,74.32,91,100,14.76,overcast clouds
667,Dalvik,IS,65.9702,-18.5286,57.13,74,100,0.58,overcast clouds
668,San Jose,US,37.3394,-121.895,71.02,71,40,1.01,scattered clouds
669,Dhidhdhoo,MV,6.8833,73.1,83.21,76,99,14.03,overcast clouds
670,Vila Franca Do Campo,PT,37.7167,-25.4333,75.61,70,2,8.99,clear sky
671,Banda Aceh,ID,5.5577,95.3222,79.83,75,99,16.35,overcast clouds
672,Vinh,VN,18.6667,105.6667,80.01,87,100,2.46,light rain
673,Los Alamos,US,35.8881,-106.307,67.14,62,90,1.01,overcast clouds
674,Pathein,MM,16.7833,94.7333,77.02,95,100,7.11,light rain
675,La Romana,DO,18.4273,-68.9728,89.96,66,40,6.91,scattered clouds
676,Soc Trang,VN,9.6033,105.98,78.76,87,43,7.14,scattered clouds
677,Kirakira,SB,-10.4544,161.9205,73.58,84,100,7.23,overcast clouds
678,Port-Gentil,GA,-0.7193,8.7815,78.76,78,75,11.5,broken clouds
679,Inhapim,BR,-19.5492,-42.12,73.04,39,51,5.21,broken clouds
680,Port Hardy,CA,50.6996,-127.4199,59.18,94,90,3.44,mist
681,Loreto,MX,22.2667,-101.9667,70.2,44,10,4.25,clear sky
682,Canico,PT,32.6333,-16.85,79.72,68,20,18.41,few clouds
683,Barra Do Bugres,BR,-15.0725,-57.1811,95.31,15,6,4.03,clear sky
684,Taoudenni,ML,22.6783,-3.9836,113.05,12,18,13.18,few clouds
685,Port Macquarie,AU,-31.4333,152.9167,58.96,74,40,14.32,scattered clouds
686,Hervey Bay,AU,-25.2986,152.8535,66.02,92,1,4.0,clear sky
687,Tautira,PF,-17.7333,-149.15,68.02,63,71,10.09,broken clouds
688,Domoni,KM,-12.2569,44.5319,75.51,76,14,6.26,few clouds
689,Rabo De Peixe,PT,37.8,-25.5833,74.71,83,75,17.27,broken clouds
690,Opuwo,NA,-18.0607,13.84,78.03,15,0,9.19,clear sky
691,Port Hedland,AU,-20.3167,118.5667,62.65,63,0,10.36,clear sky
692,Pudozh,RU,61.8099,36.5345,57.9,98,96,5.82,overcast clouds
693,Bajil,YE,15.0584,43.2851,91.06,57,53,13.71,broken clouds
694,Acarau,BR,-2.8856,-40.12,89.02,46,67,14.32,broken clouds
695,Cotonou,BJ,6.3654,2.4183,80.51,72,50,14.0,scattered clouds
696,Kaeo,NZ,-35.1,173.7833,51.33,91,10,4.0,clear sky
697,Sao Joao De Pirabas,BR,-0.7747,-47.1772,88.32,52,25,7.16,scattered clouds
698,Chake Chake,TZ,-5.2459,39.7666,73.94,82,38,12.53,scattered clouds
699,La Rioja,ES,42.25,-2.5,70.05,36,97,8.99,overcast clouds
700,Dourbali,TD,11.8091,15.8632,80.73,73,99,8.12,overcast clouds
701,Socorro,US,31.6546,-106.3033,86.9,48,75,11.5,broken clouds
702,Sibenik,HR,43.7272,15.9058,91.74,47,90,17.09,overcast clouds
